{
  "project_info": {
    "project_number": "135810660871",
    "firebase_url": "https://fir-capstone-b908a.firebaseio.com",
    "project_id": "fir-capstone-b908a",
    "storage_bucket": "fir-capstone-b908a.appspot.com"
  },
  "client": [
    {
      "client_info": {
        "mobilesdk_app_id": "1:135810660871:android:0d10f4cb8d13aa490e08a2",
        "android_client_info": {
          "package_name": "halla.icsw.firebasecapstone"
        }
      },
      "oauth_client": [
        {
          "client_id": "135810660871-u13bs0ag83jrojbaesvve6j8490bj455.apps.googleusercontent.com",
          "client_type": 3
        }
      ],
      "api_key": [
        {
          "current_key": "AIzaSyAo16xQuhx7hT70GjWTCl0iDAwbcaWMA4M"
        }
      ],
      "services": {
        "appinvite_service": {
          "other_platform_oauth_client": [
            {
              "client_id": "135810660871-u13bs0ag83jrojbaesvve6j8490bj455.apps.googleusercontent.com",
              "client_type": 3
            }
          ]
        }
      }
    }
  ],
  "configuration_version": "1"
}